{
    "epoch": 10.0,
    "eval_loss": 0.008199896663427353,
    "eval_runtime": 14.8076,
    "eval_samples_per_second": 0.54,
    "eval_steps_per_second": 0.54,
    "train_loss": 0.03844273971949911,
    "train_runtime": 5744.8288,
    "train_samples_per_second": 0.125,
    "train_steps_per_second": 0.125
}